entity,ean
Air Fryer,0618231568338
Air Fryer,0618231568550
Air Fryer,0618341418264
Air Fryer,0622356559133
Air Fryer,0622356635042
Air Fryer,0630941399200
Air Fryer,0652185374027
Air Fryer,0723509817732
Air Fryer,0810002863592
Air Fryer,2504956166684
Air Fryer,3016661156960
Air Fryer,3045387297206
Air Fryer,4722879710359
Air Fryer,4897121005160
Air Fryer,7798357873561
Air Fryer,7799254027972
Air Fryer,7842714006410
Air Fryer,7891356081118
Air Fryer,7891356083587
Air Fryer,7891356086649
Air Fryer,7891356093241
Air Fryer,7891356093302
Air Fryer,7891356094064
Air Fryer,7891356095986
Air Fryer,7891356097782
Air Fryer,7891356100390
Air Fryer,7891356102479
Air Fryer,7891356105456
Air Fryer,7891356107559
Air Fryer,7891356117244
Air Fryer,7891356118128
Air Fryer,7891356118197
Air Fryer,7891356119996
Air Fryer,7891356121074
Air Fryer,7891356121081
Air Fryer,7891356122729
Air Fryer,7891356122750
Air Fryer,7891356123931
Air Fryer,7891356126222
Air Fryer,7892946431337
Air Fryer,7892946463239
Air Fryer,7893428189036
Air Fryer,7895373823256
Air Fryer,7896098864593
Air Fryer,7896347181631
Air Fryer,7896347195867
Air Fryer,7896347196048
Air Fryer,7896513323162
Air Fryer,7896513323179
Air Fryer,7897016840866
Air Fryer,7897405000697
Air Fryer,7898461969300
Air Fryer,7898461969324
Air Fryer,7898461972157
Air Fryer,7898461976476
Air Fryer,7898461976667
Air Fryer,7898461976674
Air Fryer,7898461978135
Air Fryer,7898530190642
Air Fryer,7898565576725
Air Fryer,7898578150493
Air Fryer,7898578150509
Air Fryer,7898578155115
Air Fryer,7898589672076
Air Fryer,7898589674179
Air Fryer,7898615985576
Air Fryer,7898645690013
Air Fryer,7898648178839
Air Fryer,7898649371871
Air Fryer,7898649372120
Air Fryer,7898649372472
Air Fryer,7898649372670
Air Fryer,7898700212112
Air Fryer,7898735580262
Air Fryer,7898742840298
Air Fryer,7898742841295
Air Fryer,7898742841318
Air Fryer,7898946069099
Air Fryer,7898971918379
Air Fryer,7898971918386
Air Fryer,7898971918461
Air Fryer,7898976930147
Air Fryer,7898976930154
Air Fryer,7899497635269
Air Fryer,7899497699902
Air Fryer,7899552102767
Air Fryer,7899710022227
Air Fryer,7899710022272
Air Fryer,7899710024245
Air Fryer,7899710024733
Air Fryer,7899710024740
Air Fryer,7899710026409
Air Fryer,7899710026416
Air Fryer,7899710026423
Air Fryer,7899710028205
Air Fryer,7899710028212
Air Fryer,7899831312740
Air Fryer,7899831312771
Air Fryer,7899831312788
Air Fryer,7899831331802
Air Fryer,7899831336838
Air Fryer,7899831345427
Air Fryer,7899831345779
Air Fryer,7899838858852
Air Fryer,7899838858869
Air Fryer,7899882308853
Air Fryer,7899882308907
Air Fryer,7899882308914
Air Fryer,7899882308921
Air Fryer,7899882309270
Air Fryer,7899882314632
Air Fryer,7899882315738
Air Fryer,7899882315776
Air Fryer,7899882315820
Air Fryer,7899882316537
Air Fryer,7899882317312
Air Fryer,7899882317329
Air Fryer,7899882319835
Air Fryer,7899882320176
Air Fryer,7899904964043
Air Fryer,7899963912856
Air Fryer,7899963913075
Air Fryer,7899963914423
Air Fryer,7899963914430
Air Fryer,7899963920417
Air Fryer,7899963920424
Air Fryer,7900025154067
Air Fryer,7900025300549
Air Fryer,7900025406432
Air Fryer,7900135456402
Air Fryer,7900163007157
Air Fryer,7900163007232
Air Fryer,7900205344059
Air Fryer,7900346054114
Air Fryer,7900451400646
Air Fryer,7901003440400
Air Fryer,7901003444019
Air Fryer,7901045010258
Air Fryer,7901184344542
Air Fryer,7901241054568
Air Fryer,7901245010638
Air Fryer,7901302104065
Air Fryer,7901404245031
Air Fryer,7901564010302
Air Fryer,7901859051744
Air Fryer,7902006011451
Air Fryer,7902500540648
Air Fryer,7903045241069
Air Fryer,7903105201040
Air Fryer,7903462510540
Air Fryer,7903512446454
Air Fryer,7903542406114
Air Fryer,7903615000201
Air Fryer,7903640150155
Air Fryer,7904005031027
Air Fryer,7904040150523
Air Fryer,7904040360212
Air Fryer,7904040604538
Air Fryer,7904041531604
Air Fryer,7904054631056
Air Fryer,7904130005245
Air Fryer,7904206311546
Air Fryer,7904210150032
Air Fryer,7904251043003
Air Fryer,7904300456242
Air Fryer,7904301006453
Air Fryer,7904314200152
Air Fryer,7904460402103
Air Fryer,7904460532152
Air Fryer,7904501061542
Air Fryer,7904503006459
Air Fryer,7904516514309
Air Fryer,7905054106032
Air Fryer,7905060240454
Air Fryer,7905120651039
Air Fryer,7905640320156
Air Fryer,7906004410513
Air Fryer,7908156904186
Air Fryer,7908198023456
Air Fryer,7908256546118
Air Fryer,7908259500391
Air Fryer,7908259503859
Air Fryer,7908412504488
Air Fryer,7908412514500
Air Fryer,7908412525414
Air Fryer,7908412525421
Air Fryer,7908412525476
Air Fryer,7908412531576
Air Fryer,7908412531583
Air Fryer,7908414410442
Air Fryer,7908685618059
Air Fryer,7908974100685
Air Fryer,7909484052723
Air Fryer,7909569473368
Air Fryer,7909867127765
Air Fryer,8003705123380
Air Fryer,8720389022371
Air Fryer,8720389032233
Air Fryer,8720389034305
Air Fryer,8720389034398
Ar Condicionado,4974437072816
Ar Condicionado,4974437870344
Ar Condicionado,4974437870603
Ar Condicionado,4974437951821
Ar Condicionado,6923615599636
Ar Condicionado,6923615599674
Ar Condicionado,6926597733760
Ar Condicionado,6941783856405
Ar Condicionado,7890100043914
Ar Condicionado,7890193538649
Ar Condicionado,7891129549098
Ar Condicionado,7891129549258
Ar Condicionado,7891129549265
Ar Condicionado,7891129549418
Ar Condicionado,7891129593800
Ar Condicionado,7891129593817
Ar Condicionado,7891129593824
Ar Condicionado,7891129593831
Ar Condicionado,7891356097492
Ar Condicionado,7891356118913
Ar Condicionado,7891356119552
Ar Condicionado,7891356119569
Ar Condicionado,7891356119576
Ar Condicionado,7891356120046
Ar Condicionado,7891356120077
Ar Condicionado,7891356120145
Ar Condicionado,7891356120206
Ar Condicionado,7891356120244
Ar Condicionado,7891356120312
Ar Condicionado,7891356120329
Ar Condicionado,7891356120343
Ar Condicionado,7891356129650
Ar Condicionado,7891356132292
Ar Condicionado,7891356132308
Ar Condicionado,7891356132360
Ar Condicionado,7892509120722
Ar Condicionado,7892509125154
Ar Condicionado,7892509125291
Ar Condicionado,7892509130387
Ar Condicionado,7892509130578
Ar Condicionado,7892509137751
Ar Condicionado,7892509137867
Ar Condicionado,7892509137874
Ar Condicionado,7892509137935
Ar Condicionado,7892509142427
Ar Condicionado,7892509142779
Ar Condicionado,7892509142816
Ar Condicionado,7892509142915
Ar Condicionado,7892509142977
Ar Condicionado,7892509146074
Ar Condicionado,7892509149662
Ar Condicionado,7892509149716
Ar Condicionado,7893299911040
Ar Condicionado,7893299911163
Ar Condicionado,7893299911170
Ar Condicionado,7893299918933
Ar Condicionado,7893299921506
Ar Condicionado,7893299925306
Ar Condicionado,7893299925337
Ar Condicionado,7893299932205
Ar Condicionado,7893299932229
Ar Condicionado,7893299941900
Ar Condicionado,7893299941955
Ar Condicionado,7893299942013
Ar Condicionado,7893299955495
Ar Condicionado,7893299959158
Ar Condicionado,7893299959189
Ar Condicionado,7893299964909
Ar Condicionado,7893299966200
Ar Condicionado,7893299966279
Ar Condicionado,7893299966590
Ar Condicionado,7893299967467
Ar Condicionado,7893299967559
Ar Condicionado,7893299967566
Ar Condicionado,7893299967573
Ar Condicionado,7893299967795
Ar Condicionado,7893299968112
Ar Condicionado,7893299968129
Ar Condicionado,7893299968471
Ar Condicionado,7893299968747
Ar Condicionado,7893299968884
Ar Condicionado,7893299968907
Ar Condicionado,7893299968938
Ar Condicionado,7893299969058
Ar Condicionado,7893299969072
Ar Condicionado,7893299969096
Ar Condicionado,7893299971501
Ar Condicionado,7893299971525
Ar Condicionado,7893299971549
Ar Condicionado,7893299971556
Ar Condicionado,7893336718076
Ar Condicionado,7894023158335
Ar Condicionado,7895702256137
Ar Condicionado,7896253900319
Ar Condicionado,7896558888756
Ar Condicionado,7896572267292
Ar Condicionado,7897013511912
Ar Condicionado,7897013586606
Ar Condicionado,7897496818911
Ar Condicionado,7898303861854
Ar Condicionado,7898303861946
Ar Condicionado,7898303861977
Ar Condicionado,7898303862202
Ar Condicionado,7898303862219
Ar Condicionado,7898303862264
Ar Condicionado,7898303862301
Ar Condicionado,7898303862325
Ar Condicionado,7898303862332
Ar Condicionado,7898303862363
Ar Condicionado,7898303862370
Ar Condicionado,7898303862387
Ar Condicionado,7898303862394
Ar Condicionado,7898303862585
Ar Condicionado,7898303862684
Ar Condicionado,7898303862790
Ar Condicionado,7898303863070
Ar Condicionado,7898303863339
Ar Condicionado,7898303863599
Ar Condicionado,7898303863629
Ar Condicionado,7898303863636
Ar Condicionado,7898303863650
Ar Condicionado,7898303864039
Ar Condicionado,7898303864107
Ar Condicionado,7898303864237
Ar Condicionado,7898303864671
Ar Condicionado,7898303869362
Ar Condicionado,7898461975172
Ar Condicionado,7898461975189
Ar Condicionado,7898461975196
Ar Condicionado,7898461976599
Ar Condicionado,7898461976735
Ar Condicionado,7898461977800
Ar Condicionado,7898461977824
Ar Condicionado,7898461977879
Ar Condicionado,7898461978739
Ar Condicionado,7898518189910
Ar Condicionado,7898518189934
Ar Condicionado,7898554878533
Ar Condicionado,7898554878816
Ar Condicionado,7898554878830
Ar Condicionado,7898554878878
Ar Condicionado,7898554878915
Ar Condicionado,7898554879325
Ar Condicionado,7898554879479
Ar Condicionado,7898554879622
Ar Condicionado,7898554879653
Ar Condicionado,7898626570402
Ar Condicionado,7898626574479
Ar Condicionado,7898703515050
Ar Condicionado,7898753560383
Ar Condicionado,7898753560529
Ar Condicionado,7898753560536
Ar Condicionado,7898753560680
Ar Condicionado,7898753561694
Ar Condicionado,7898753561731
Ar Condicionado,7898753561755
Ar Condicionado,7898753561984
Ar Condicionado,7898753562028
Ar Condicionado,7898753562141
Ar Condicionado,7898943241016
Ar Condicionado,7898943241160
Ar Condicionado,7898943241184
Ar Condicionado,7898943241207
Ar Condicionado,7898943241214
Ar Condicionado,7898943241238
Ar Condicionado,7898943241245
Ar Condicionado,7898943241313
Ar Condicionado,7898943241320
Ar Condicionado,7898943241337
Ar Condicionado,7898943241344
Ar Condicionado,7898943241351
Ar Condicionado,7898943241368
Ar Condicionado,7898943241382
Ar Condicionado,7898943241559
Ar Condicionado,7898943241726
Ar Condicionado,7898943241917
Ar Condicionado,7898945166270
Ar Condicionado,7898945166331
Ar Condicionado,7898945166355
Ar Condicionado,7898945166379
Ar Condicionado,7898945166485
Ar Condicionado,7898945166492
Ar Condicionado,7898945166546
Ar Condicionado,7898945166614
Ar Condicionado,7898945166638
Ar Condicionado,7898945166683
Ar Condicionado,7898945166874
Ar Condicionado,7898945166904
Ar Condicionado,7898945167031
Ar Condicionado,7898945167079
Ar Condicionado,7898945167123
Ar Condicionado,7898945167154
Ar Condicionado,7898945167185
Ar Condicionado,7898945167338
Ar Condicionado,7898945167352
Ar Condicionado,7898945167444
Ar Condicionado,7898945167536
Ar Condicionado,7898945167550
Ar Condicionado,7898945167642
Ar Condicionado,7898945167680
Ar Condicionado,7898945167963
Ar Condicionado,7898957911660
Ar Condicionado,7898966337659
Ar Condicionado,7898966337697
Ar Condicionado,7898966337789
Ar Condicionado,7898972610012
Ar Condicionado,7898972610036
Ar Condicionado,7898977579918
Ar Condicionado,7899929072358
Ar Condicionado,7899963911835
Ar Condicionado,7899963913495
Ar Condicionado,7899963913594
Ar Condicionado,7899963913655
Ar Condicionado,7899963913679
Ar Condicionado,7899963913686
Ar Condicionado,7899963915888
Ar Condicionado,7899963916939
Ar Condicionado,7899963917561
Ar Condicionado,7899963917592
Ar Condicionado,7899963917653
Ar Condicionado,7899963919206
Ar Condicionado,7899963919510
Ar Condicionado,7899963919749
Ar Condicionado,7899963919756
Ar Condicionado,7899968302096
Ar Condicionado,7900163014667
Ar Condicionado,7900163014674
Ar Condicionado,7900163014711
Ar Condicionado,7900163022556
Ar Condicionado,7908198003663
Ar Condicionado,7908198004028
Ar Condicionado,7908247772892
Ar Condicionado,7908247778467
Ar Condicionado,7908247778481
Ar Condicionado,7908247778498
Ar Condicionado,7908247778528
Ar Condicionado,7908247778535
Ar Condicionado,7908247778573
Ar Condicionado,7908293000673
Ar Condicionado,7908293000697
Ar Condicionado,7908293001137
Ar Condicionado,7908293001229
Ar Condicionado,7908293001441
Ar Condicionado,7908293001465
Ar Condicionado,7908293001502
Ar Condicionado,7908293001571
Ar Condicionado,7908293001618
Ar Condicionado,7908293001755
Ar Condicionado,7908293001854
Ar Condicionado,7908293001892
Ar Condicionado,7908412504372
Ar Condicionado,7908412505812
Ar Condicionado,7908412506864
Ar Condicionado,7908412508004
Ar Condicionado,7908412508028
Ar Condicionado,7908412511714
Ar Condicionado,7908412512001
Ar Condicionado,7908412512278
Ar Condicionado,7908412512285
Ar Condicionado,7908412512339
Ar Condicionado,7908412512438
Ar Condicionado,7908412518706
Ar Condicionado,7908412520136
Ar Condicionado,7908412521553
Ar Condicionado,7908412534201
Ar Condicionado,7908412534232
Ar Condicionado,7908412543562
Ar Condicionado,7908412547805
Ar Condicionado,7908412553936
Ar Condicionado,7908412558061
Ar Condicionado,7908786400140
Ar Condicionado,7908786400157
Ar Condicionado,7908786400195
Ar Condicionado,7908786400201
Ar Condicionado,7908786400263
Ar Condicionado,7908786405282
Ar Condicionado,7908786406234
Ar Condicionado,7909569411773
Ar Condicionado,7909569411988
Ar Condicionado,7909569412084
Ar Condicionado,7909569412114
Ar Condicionado,7909569412268
Ar Condicionado,7909569412275
Ar Condicionado,7909569412282
Ar Condicionado,7909569412343
Ar Condicionado,7909569412381
Ar Condicionado,7909569490082
Ar Condicionado,7909569490099
Ar Condicionado,8801643090616
Ar Condicionado,8806091778802
Ar Condicionado,8806096135914
Ar Condicionado,8806096554265
Ar Condicionado,8806096711736
Ar Condicionado,8806096711774
Ar Condicionado,8806096711804
Ar Condicionado,8806096755839
Ar Condicionado,8806096755877
Ar Condicionado,9000000194199
Ar Condicionado,9999900217834
Armário,0779280131543
Armário,6015226285210
Armário,7791415146805
Armário,7791918949255
Armário,7793324953222
Armário,7793617653105
Armário,7793798111180
Armário,7794097627358
Armário,7794930375781
Armário,7794930435799
Armário,7796081542517
Armário,7796082021905
Armário,7796434829319
Armário,7796435580486
Armário,7796749224359
Armário,7796749264874
Armário,7798055680645
Armário,7798055740349
Armário,7798055740516
Armário,7798055860306
Armário,7798056181035
Armário,7798056361314
Armário,7798056621319
Armário,7798056631219
Armário,7798056671635
Armário,7798056681467
Armário,7798056731650
Armário,7798583027455
Armário,7803380406263
Armário,7808084240175
Armário,7808084309605
Armário,7808084319819
Armário,7808085140764
Armário,7808085180289
Armário,7890001596953
Armário,7890015606419
Armário,7890015606563
Armário,7890019718019
Armário,7890022168900
Armário,7890022168955
Armário,7890022290106
Armário,7890022966124
Armário,7890022977632
Armário,7890022983176
Armário,7890051026714
Armário,7890583975511
Armário,7890621062258
Armário,7890724053771
Armário,7890724093203
Armário,7890986829176
Armário,7890986880252
Armário,7890986958296
Armário,7891196900921
Armário,7891298478458
Armário,7891403960885
Armário,7891439179565
Armário,7891760105943
Armário,7891760106001
Armário,7891760109132
Armário,7891760176479
Armário,7891760202994
Armário,7891760851093
Armário,7891760851116
Armário,7891760851178
Armário,7891760878342
Armário,7891760881168
Armário,7891760897473
Armário,7891760905291
Armário,7891760905857
Armário,7891760906106
Armário,7891760909305
Armário,7891760920362
Armário,7891760927125
Armário,7891760927224
Armário,7891760928382
Armário,7891760932525
Armário,7891760932600
Armário,7891760937612
Armário,7891760943040
Armário,7891760943316
Armário,7891760948489
Armário,7891760949288
Armário,7891760950765
Armário,7891760951144
Armário,7891760952509
Armário,7891760953339
Armário,7891760960214
Armário,7891760963451
Armário,7891760969309
Armário,7891760970022
Armário,7891760974167
Armário,7891760975850
Armário,7891760976154
Armário,7891760980526
Armário,7891760981790
Armário,7891760984203
Armário,7891760987778
Armário,7892089241138
Armário,7892089244177
Armário,7893021846503
Armário,7893455096840
Armário,7893455158432
Armário,7893455163474
Armário,7893455168318
Armário,7893455168813
Armário,7893455168851
Armário,7893455169636
Armário,7893455169865
Armário,7893455708163
Armário,7893455994030
Armário,7893640563287
Armário,7893640563300
Armário,7893726675200
Armário,7893726683762
Armário,7893762119751
Armário,7893926464758
Armário,7894214617245
Armário,7894262468288
Armário,7894262468585
Armário,7894782877607
Armário,7894867945337
Armário,7895147830954
Armário,7895147916160
Armário,7895155350574
Armário,7895155962609
Armário,7895183116432
Armário,7895183831984
Armário,7895200691133
Armário,7895204528121
Armário,7895508289827
Armário,7895625715346
Armário,7895787509067
Armário,7895788400530
Armário,7896385520478
Armário,7896496094974
Armário,7896521213929
Armário,7896521261739
Armário,7896532986522
Armário,7897247892412
Armário,7897432281007
Armário,7897456756680
Armário,7898188097065
Armário,7898212874013
Armário,7898440004817
Armário,7898456947726
Armário,7898469863488
Armário,7898509667434
Armário,7898509669308
Armário,7898514903923
Armário,7898572997414
Armário,7898605271344
Armário,7898621255540
Armário,7898653344991
Armário,7898679799997
Armário,7898698243877
Armário,7898698248070
Armário,7898737571794
Armário,7898757622322
Armário,7898760250468
Armário,7898808174282
Armário,7898878164152
Armário,7898942629594
Armário,7898942632389
Armário,7898955717295
Armário,7898955717691
Armário,7898962378861
Armário,7899027047838
Armário,7899075427156
Armário,7899075427293
Armário,7899277802089
Armário,7899360491176
Armário,7899390821974
Armário,7899390822315
Armário,7899390823831
Armário,7899390861277
Armário,7899611249693
Armário,7899665062989
Armário,7899665063566
Armário,7899665081256
Armário,7899729737938
Armário,7899766210876
Armário,7899766214256
Armário,7899766996039
Armário,7899766999245
Armário,7899822830925
Armário,7899828030299
Armário,7899863165277
Armário,7899885087168
Armário,7899885087366
Armário,7899894631833
Armário,7899911709798
Armário,7899911712453
Armário,7899983670361
Armário,7899999014630
Armário,7899999014654
Armário,7900288004369
Armário,7900288057853
Armário,7900288099587
Armário,7900288111609
Armário,7900288162632
Armário,7900288225085
Armário,7900288229557
Armário,7900288244178
Armário,7900288251350
Armário,7900288284167
Armário,7900288292674
Armário,7900288348685
Armário,7900288357991
Armário,7900288383518
Armário,7900288408907
Armário,7900314660279
Armário,7900545610128
Armário,7901017018084
Armário,7901017018107
Armário,7901046101184
Armário,7901046148318
Armário,7908161564290
Armário,7908212500147
Armário,7908212520541
Armário,7908212521715
Armário,7908212527144
Armário,7908449844854
Armário,7908449851951
Armário,7908449896105
Armário,7908469801486
Armário,7908509498485
Armário,7908510102173
Armário,7908517813430
Armário,7908599322301
Armário,7908599322370
Armário,7908599325296
Armário,7908599353084
Armário,7908631601791
Armário,7908631613695
Armário,7908631623175
Armário,7908631636052
Armário,7908631639671
Armário,7908631651147
Armário,7908631655336
Armário,7908631665694
Armário,7908644112734
Armário,7908709102243
Armário,7908709102601
Armário,7908732401924
Armário,7908732406592
Armário,7908741600196
Armário,7908765007520
Armário,7908790624846
Armário,7908790638263
Armário,7908790679563
Armário,7908801513251
Armário,7908816301300
Armário,7908816301416
Armário,7908816301423
Armário,7908816302215
Armário,7908821471432
Armário,7908863459825
Armário,7908875711607
Armário,7908875719429
Armário,7908922900350
Armário,7908979119330
Armário,7908979120992
Armário,7909103634064
Armário,7909103634224
Armário,7909103634248
Armário,7909103662555
Armário,7909103666843
Armário,7909103688364
Armário,7909103690497
Armário,7909103691050
Armário,7909103746019
Armário,7909103749539
Armário,7909205152107
Armário,7909205152237
Armário,7909205405920
Armário,7909373726308
Armário,7909512824360
Armário,7909875225613
Armário,7909875253586
Armário,7909875253883
Armário,7909875254927
Armário,7909875361496
Armário,7909875367023
Armário,7909875501205
Armário,7909903081099
Armário,7909903208830
Armário,7909903264836
Armário,7909903354483
Armário,7909903378731
Armário,7909903492864
Armário,7909903644157
Armário,7909903664148
Armário,7909903665381
Armário,7909903727997
Armário,7909903731246
Armário,7909903779682
Armário,7909903928219
Armário,7909903933428
Armário,7909903977699
Armário,8900122181095
Cama Box,3251232525848
Cama Box,4197652483490
Cama Box,4568213794124
Cama Box,5457890348746
Cama Box,5463728924228
Cama Box,5463728924266
Cama Box,5764319082311
Cama Box,7770000010226
Cama Box,7777000139476
Cama Box,7777000152826
Cama Box,7777000156497
Cama Box,7777000164331
Cama Box,7800541102156
Cama Box,7800759096902
Cama Box,7800842181720
Cama Box,7800879781566
Cama Box,7801045747522
Cama Box,7801576195335
Cama Box,7803177112605
Cama Box,7805467471430
Cama Box,7806232041384
Cama Box,7806299111471
Cama Box,7806585613580
Cama Box,7806806252871
Cama Box,7806847959036
Cama Box,7808877022216
Cama Box,7808922474045
Cama Box,7809491272568
Cama Box,7890372990817
Cama Box,7890372995997
Cama Box,7890570420918
Cama Box,7891265490292
Cama Box,7891361181308
Cama Box,7891619102734
Cama Box,7891642850350
Cama Box,7891693066267
Cama Box,7891694164566
Cama Box,7891711467502
Cama Box,7892247493966
Cama Box,7892285106507
Cama Box,7892391815423
Cama Box,7892391816666
Cama Box,7892407316197
Cama Box,7892407316340
Cama Box,7892599210204
Cama Box,7892686538709
Cama Box,7892687604090
Cama Box,7892696696468
Cama Box,7892739256314
Cama Box,7892816663981
Cama Box,7892819604592
Cama Box,7892988164064
Cama Box,7893012755289
Cama Box,7893215991842
Cama Box,7893340853381
Cama Box,7893462920527
Cama Box,7894216910993
Cama Box,7894248104582
Cama Box,7894280146601
Cama Box,7894312992961
Cama Box,7894363510879
Cama Box,7894434325104
Cama Box,7894650864197
Cama Box,7894678102332
Cama Box,7894689707861
Cama Box,7894689707892
Cama Box,7894883423161
Cama Box,7894883423185
Cama Box,7894883423710
Cama Box,7894883424564
Cama Box,7894883424618
Cama Box,7894883433078
Cama Box,7894883434167
Cama Box,7894883435072
Cama Box,7894883441943
Cama Box,7894883444111
Cama Box,7894883447624
Cama Box,7894883452826
Cama Box,7894883456602
Cama Box,7894883459306
Cama Box,7894883466397
Cama Box,7894905105655
Cama Box,7894905109516
Cama Box,7894905109844
Cama Box,7894965760283
Cama Box,7894986291193
Cama Box,7895152804025
Cama Box,7895152804230
Cama Box,7895152861516
Cama Box,7895152861981
Cama Box,7895152882399
Cama Box,7895152897164
Cama Box,7895155220648
Cama Box,7895155220754
Cama Box,7895354983498
Cama Box,7895501167887
Cama Box,7895606022807
Cama Box,7895606531101
Cama Box,7895606570223
Cama Box,7895606764660
Cama Box,7895606789212
Cama Box,7895606856747
Cama Box,7895651921421
Cama Box,7895684744080
Cama Box,7895684744592
Cama Box,7895764660866
Cama Box,7895883414531
Cama Box,7896187102704
Cama Box,7896506713277
Cama Box,7896506718067
Cama Box,7896506718340
Cama Box,7896506718586
Cama Box,7896506720763
Cama Box,7896506982581
Cama Box,7896506984776
Cama Box,7896506985407
Cama Box,7896506986275
Cama Box,7896506989368
Cama Box,7896506990760
Cama Box,7896506992436
Cama Box,7896506996908
Cama Box,7896506997493
Cama Box,7896506997981
Cama Box,7896977829590
Cama Box,7896988075467
Cama Box,7896988312562
Cama Box,7896988348059
Cama Box,7896988379954
Cama Box,7896988388925
Cama Box,7896988467033
Cama Box,7896988634190
Cama Box,7896988636972
Cama Box,7896988638563
Cama Box,7896988638792
Cama Box,7896988638921
Cama Box,7896988640269
Cama Box,7896988646469
Cama Box,7896988650909
Cama Box,7896988822047
Cama Box,7896988843592
Cama Box,7896988944558
Cama Box,7896988945876
Cama Box,7896988950764
Cama Box,7896988972933
Cama Box,7896988978621
Cama Box,7896988979956
Cama Box,7896988981324
Cama Box,7896988981393
Cama Box,7896988986176
Cama Box,7896988993792
Cama Box,7897112289231
Cama Box,7897394480296
Cama Box,7897430227991
Cama Box,7897895211870
Cama Box,7897895998160
Cama Box,7897895998290
Cama Box,7897895999198
Cama Box,7897895999211
Cama Box,7898052997811
Cama Box,7898081992023
Cama Box,7898619852522
Cama Box,7898619895741
Cama Box,7898619896618
Cama Box,7898619899770
Cama Box,7898619900162
Cama Box,7898619903453
Cama Box,7898619991825
Cama Box,7898619994710
Cama Box,7898619995946
Cama Box,7898619996264
Cama Box,7898631956390
Cama Box,7898692423442
Cama Box,7898695572109
Cama Box,7898695572246
Cama Box,7898695579177
Cama Box,7898698240234
Cama Box,7898707397676
Cama Box,7898723389808
Cama Box,7898724236002
Cama Box,7898726223673
Cama Box,7898726225059
Cama Box,7898742752515
Cama Box,7898749506111
Cama Box,7898910997540
Cama Box,7899000000522
Cama Box,7899000002519
Cama Box,7899076944133
Cama Box,7899108442026
Cama Box,7899108612832
Cama Box,7899108615925
Cama Box,7899108625153
Cama Box,7899108818227
Cama Box,7899108821555
Cama Box,7899108823313
Cama Box,7899108849795
Cama Box,7899108962753
Cama Box,7899108968700
Cama Box,7899108975746
Cama Box,7899108977931
Cama Box,7899108985745
Cama Box,7899108986612
Cama Box,7899108987251
Cama Box,7899108996833
Cama Box,7899108997410
Cama Box,7899164585644
Cama Box,7899180090924
Cama Box,7899180438436
Cama Box,7899180810003
Cama Box,7899180816722
Cama Box,7899180817279
Cama Box,7899180823010
Cama Box,7899180860435
Cama Box,7899180981680
Cama Box,7899180987231
Cama Box,7899180988610
Cama Box,7899180989556
Cama Box,7899180995045
Cama Box,7899180995786
Cama Box,7899285946584
Cama Box,7899285949158
Cama Box,7899285951281
Cama Box,7899285955616
Cama Box,7899285962263
Cama Box,7899285962355
Cama Box,7899285968784
Cama Box,7899285969415
Cama Box,7899285972637
Cama Box,7899285976703
Cama Box,7899285976918
Cama Box,7899285984142
Cama Box,7899285997487
Cama Box,7899341135389
Cama Box,7899390817908
Cama Box,7899467167561
Cama Box,7899486373134
Cama Box,7899660923940
Cama Box,7899852367507
Cama Box,7899852369365
Cama Box,7899852369532
Cama Box,7899852371245
Cama Box,7899852372471
Cama Box,7899852373362
Cama Box,7899852381275
Cama Box,7899852386218
Cama Box,7899986183196
Cama Box,7900288352392
Cama Box,7900288470911
Cama Box,7901034201735
Cama Box,7901034202084
Cama Box,7901046130016
Cama Box,7901112902059
Cama Box,7901112907276
Cama Box,7901112911921
Cama Box,7901112912140
Cama Box,7901112913550
Cama Box,7901112913994
Cama Box,7901188803489
Cama Box,7901188804059
Cama Box,7901198900741
Cama Box,7901198902622
Cama Box,7904883415285
Cama Box,7904883416923
Cama Box,7904883420920
Cama Box,7904883421187
Cama Box,7904883422221
Cama Box,7904883436792
Cama Box,7904883437690
Cama Box,7904883438314
Cama Box,7904883439786
Cama Box,7904883440188
Cama Box,7904883445848
Cama Box,7904883446135
Cama Box,7904883451610
Cama Box,7904883451764
Cama Box,7904883459197
Cama Box,7904883460391
Cama Box,7904883463491
Cama Box,7904883471755
Cama Box,7904883474008
Cama Box,7904883474237
Cama Box,7904883474527
Cama Box,7904883476453
Cama Box,7904883478082
Cama Box,7905103913635
Cama Box,7908569293242
Cama Box,7908645502671
Cama Box,7908645507072
Cama Box,7908645517279
Cama Box,7908645518528
Cama Box,7908645521122
Cama Box,7908645524543
Cama Box,7908748804597
Cama Box,7908801508769
Cama Box,7909285123196
Cama Box,7909285299143
Cama Box,7909285376073
Cama Box,7909285450148
Cama Box,7909285593944
Cama Box,7909903640517
Cama Box,7909903961216
Colchão,6992351569142
Colchão,7803177352803
Colchão,7808772415670
Colchão,7890010411162
Colchão,7890016401433
Colchão,7890372378967
Colchão,7890372449407
Colchão,7892190350422
Colchão,7892285106088
Colchão,7892285106200
Colchão,7892617981260
Colchão,7894883462450
Colchão,7894957006498
Colchão,7894957040911
Colchão,7894957174326
Colchão,7895152806760
Colchão,7895606012952
Colchão,7895606772221
Colchão,7895606871467
Colchão,7895606926327
Colchão,7895606983580
Colchão,7895606998911
Colchão,7896506974005
Colchão,7896599544321
Colchão,7896988024786
Colchão,7896988049338
Colchão,7896988164970
Colchão,7896988167100
Colchão,7896988304758
Colchão,7896988317499
Colchão,7896988317536
Colchão,7896988327764
Colchão,7896988334397
Colchão,7896988380424
Colchão,7896988657267
Colchão,7896988954434
Colchão,7896988965812
Colchão,7897288897919
Colchão,7897840914672
Colchão,7897895922448
Colchão,7897895999464
Colchão,7898081914445
Colchão,7898081914858
Colchão,7898619312842
Colchão,7898619897639
Colchão,7898619904467
Colchão,7898619905389
Colchão,7898619993874
Colchão,7898763486338
Colchão,7898907856812
Colchão,7898910998455
Colchão,7899076414674
Colchão,7899076940449
Colchão,7899076944621
Colchão,7899076996811
Colchão,7899108618094
Colchão,7899108620127
Colchão,7899108813062
Colchão,7899108824365
Colchão,7899108970093
Colchão,7899108970949
Colchão,7899108982515
Colchão,7899108983796
Colchão,7899180441627
Colchão,7899180477299
Colchão,7899180823683
Colchão,7899285964137
Colchão,7899285971616
Colchão,7899285974792
Colchão,7899285982025
Colchão,7899370091410
Colchão,7899852376141
Colchão,7899852378510
Colchão,7899918757495
Colchão,7899918763816
Colchão,7899943005387
Colchão,7899943405019
Colchão,7905228187539
Colchão,7905606352054
Colchão,7905606352801
Colchão,7905606353259
Colchão,7905606360110
Colchão,7908030641121
Colchão,7908277225894
Colchão,7908355108026
Colchão,7908381008994
Colchão,7908381009144
Colchão,7908381009168
Colchão,7908381009342
Colchão,7908444810229
Colchão,7908455030692
Colchão,7908801505522
Colchão,7909103723546
Colchão,7909124161723
Colchão,7909192618372
Colchão,7909615129539
Colchão,7909903387900
Colchão,8418529511204
Colchão,8418529511242
Colchão,8418529511280
Freezer,6979048651748
Freezer,7891129098725
Freezer,7891129235885
Freezer,7891129550605
Freezer,7891129550643
Freezer,7891129550698
Freezer,7891129579422
Freezer,7891129588615
Freezer,7891129588660
Freezer,7891129588684
Freezer,7891129588691
Freezer,7891129588714
Freezer,7891129595811
Freezer,7891129596047
Freezer,7891129596054
Freezer,7891129596207
Freezer,7891129596221
Freezer,7891356081699
Freezer,7891356083624
Freezer,7891356086991
Freezer,7891356088759
Freezer,7891356088827
Freezer,7891356097126
Freezer,7891356107344
Freezer,7891356126888
Freezer,7898578154811
Freezer,7898578154828
Freezer,7899081701202
Freezer,7899908762584
Freezer,7900163015442
Freezer,7900163015459
Freezer,7900163015527
Freezer,7900163015565
Freezer,7900163016432
Freezer,7900163022693
Freezer,7900163025960
Freezer,7900163026202
Freezer,7904305121046
Freezer,7908198003120
Freezer,7908198022923
Freezer,7908198023463
Freezer,7908198023609
Freezer,7908786412792
Freezer,7908786412815
Freezer,7909569448755
Freezer,7909569448830
Freezer,7909569449776
Freezer,7909569449790
Freezer,7909569449820
Freezer,7909569524831
Grill,0000000010658
Grill,0070341000908
Grill,0127493335508
Grill,0606529712174
Grill,0622356300704
Grill,3016661152917
Grill,3016661152924
Grill,3016661152948
Grill,3168431162739
Grill,7891013532335
Grill,7891116099582
Grill,7891116099599
Grill,7891356045455
Grill,7891356053160
Grill,7891356066658
Grill,7891356066726
Grill,7891356068799
Grill,7891356068805
Grill,7891356068850
Grill,7891356083785
Grill,7891356098123
Grill,7891356098154
Grill,7891356098192
Grill,7891356098208
Grill,7891356103537
Grill,7891356118166
Grill,7891356120848
Grill,7891356126703
Grill,7891356127533
Grill,7892946455289
Grill,7892946455296
Grill,7892946455357
Grill,7895277461530
Grill,7896443139727
Grill,7896475209153
Grill,7897624900044
Grill,7898221459423
Grill,7898221459430
Grill,7898461976629
Grill,7898490162390
Grill,7898578151414
Grill,7898578151667
Grill,7898578152633
Grill,7898578153739
Grill,7898578153746
Grill,7898589673172
Grill,7898589673189
Grill,7898615987761
Grill,7898649372007
Grill,7898663745184
Grill,7898663745238
Grill,7898663745245
Grill,7898681496846
Grill,7898700216714
Grill,7898700216721
Grill,7898735584253
Grill,7898742841332
Grill,7898742841349
Grill,7898742841370
Grill,7898742841387
Grill,7898742843381
Grill,7898908868814
Grill,7899497689774
Grill,7899710021565
Grill,7899710021572
Grill,7899838823409
Grill,7899838874104
Grill,7899838874111
Grill,7899838874128
Grill,7899864183218
Grill,7899882312935
Grill,7899963920998
Grill,7899963921025
Grill,7900044550017
Grill,7900163005696
Grill,7900363770691
Grill,7900501125062
Grill,7901026414549
Grill,7901150264447
Grill,7901300605427
Grill,7901461402002
Grill,7901769763478
Grill,7902405411302
Grill,7903488701847
Grill,7903504004044
Grill,7904054603107
Grill,7904055312060
Grill,7904215140007
Grill,7904241016437
Grill,7904654153415
Grill,7905000464452
Grill,7905001463546
Grill,7905050410645
Grill,7908216129498
Grill,7908216129511
Grill,7908348212587
Grill,7908485907353
Grill,7909782074526
Grill,7909782074533
Grill,9796171262866
Guarda-roupa,0074468856165
Guarda-roupa,0779280129021
Guarda-roupa,0779280155389
Guarda-roupa,7795794715102
Guarda-roupa,7796081751773
Guarda-roupa,7797214719721
Guarda-roupa,7800493679379
Guarda-roupa,7808086341320
Guarda-roupa,7890001542141
Guarda-roupa,7890001593396
Guarda-roupa,7890022069061
Guarda-roupa,7890022134165
Guarda-roupa,7890022158727
Guarda-roupa,7890022840202
Guarda-roupa,7890253401869
Guarda-roupa,7890253403023
Guarda-roupa,7890253403047
Guarda-roupa,7890583944685
Guarda-roupa,7890583947174
Guarda-roupa,7890583969039
Guarda-roupa,7890583972435
Guarda-roupa,7890583974507
Guarda-roupa,7890888307260
Guarda-roupa,7890913756995
Guarda-roupa,7891746874252
Guarda-roupa,7891760185006
Guarda-roupa,7891760406149
Guarda-roupa,7891760416278
Guarda-roupa,7891760420169
Guarda-roupa,7891760504388
Guarda-roupa,7891760571694
Guarda-roupa,7891760668608
Guarda-roupa,7891760843968
Guarda-roupa,7891760864024
Guarda-roupa,7891760867773
Guarda-roupa,7891760884534
Guarda-roupa,7891760921659
Guarda-roupa,7891760946713
Guarda-roupa,7891760947079
Guarda-roupa,7891760947802
Guarda-roupa,7891760948649
Guarda-roupa,7891760952837
Guarda-roupa,7891760979537
Guarda-roupa,7891760986467
Guarda-roupa,7891967256370
Guarda-roupa,7891967257117
Guarda-roupa,7891967262807
Guarda-roupa,7892660441759
Guarda-roupa,7893455708682
Guarda-roupa,7893726684424
Guarda-roupa,7893762140199
Guarda-roupa,7893826104839
Guarda-roupa,7893854257408
Guarda-roupa,7893928245829
Guarda-roupa,7894903967248
Guarda-roupa,7895036448703
Guarda-roupa,7895036453127
Guarda-roupa,7895098905497
Guarda-roupa,7895183099469
Guarda-roupa,7895183427897
Guarda-roupa,7895183790052
Guarda-roupa,7896368284335
Guarda-roupa,7896460011761
Guarda-roupa,7896460011969
Guarda-roupa,7896460013109
Guarda-roupa,7896460065986
Guarda-roupa,7896614978636
Guarda-roupa,7896659170774
Guarda-roupa,7896659175342
Guarda-roupa,7896659175977
Guarda-roupa,7896659213129
Guarda-roupa,7896659989109
Guarda-roupa,7896659992918
Guarda-roupa,7896659994103
Guarda-roupa,7898184999554
Guarda-roupa,7898414098644
Guarda-roupa,7898414101467
Guarda-roupa,7898414121533
Guarda-roupa,7898463868571
Guarda-roupa,7898514913915
Guarda-roupa,7898574995852
Guarda-roupa,7898621255106
Guarda-roupa,7898713943676
Guarda-roupa,7898757597743
Guarda-roupa,7898773372829
Guarda-roupa,7898879986982
Guarda-roupa,7899390701214
Guarda-roupa,7899390833236
Guarda-roupa,7899390833434
Guarda-roupa,7899390863165
Guarda-roupa,7899581835674
Guarda-roupa,7899585143614
Guarda-roupa,7899585149920
Guarda-roupa,7899606916876
Guarda-roupa,7899630673769
Guarda-roupa,7899630674773
Guarda-roupa,7899630679648
Guarda-roupa,7899767318144
Guarda-roupa,7899800546244
Guarda-roupa,7899885090823
Guarda-roupa,7899885091646
Guarda-roupa,7899885993742
Guarda-roupa,7899940100412
Guarda-roupa,7899940501158
Guarda-roupa,7899955505875
Guarda-roupa,7899959940177
Guarda-roupa,7899959964289
Guarda-roupa,7899959970495
Guarda-roupa,7899959970624
Guarda-roupa,7899959995900
Guarda-roupa,7900288069559
Guarda-roupa,7900288072122
Guarda-roupa,7900288111173
Guarda-roupa,7900288152510
Guarda-roupa,7900288179340
Guarda-roupa,7900288192721
Guarda-roupa,7900288199423
Guarda-roupa,7900288257154
Guarda-roupa,7900288281166
Guarda-roupa,7900288290748
Guarda-roupa,7900288308740
Guarda-roupa,7900288326331
Guarda-roupa,7900288353276
Guarda-roupa,7900288394316
Guarda-roupa,7900288414069
Guarda-roupa,7900288431998
Guarda-roupa,7900288445735
Guarda-roupa,7900288461094
Guarda-roupa,7900288464330
Guarda-roupa,7901019314726
Guarda-roupa,7901019324596
Guarda-roupa,7901019325265
Guarda-roupa,7901034165549
Guarda-roupa,7901034169998
Guarda-roupa,7901034177535
Guarda-roupa,7901034177887
Guarda-roupa,7901064700369
Guarda-roupa,7901092206499
Guarda-roupa,7901092230272
Guarda-roupa,7901092243555
Guarda-roupa,7901092244903
Guarda-roupa,7901092245504
Guarda-roupa,7901092246440
Guarda-roupa,7901092248116
Guarda-roupa,7901092254377
Guarda-roupa,7901092255572
Guarda-roupa,7901092255831
Guarda-roupa,7901092259099
Guarda-roupa,7901092266578
Guarda-roupa,7901092266660
Guarda-roupa,7901092272098
Guarda-roupa,7901092272203
Guarda-roupa,7901092274528
Guarda-roupa,7908090406906
Guarda-roupa,7908241624838
Guarda-roupa,7908308798472
Guarda-roupa,7908352806727
Guarda-roupa,7908395631539
Guarda-roupa,7908485906950
Guarda-roupa,7908509322438
Guarda-roupa,7908542303227
Guarda-roupa,7908548401835
Guarda-roupa,7908567804242
Guarda-roupa,7908631639510
Guarda-roupa,7908631640530
Guarda-roupa,7908631650553
Guarda-roupa,7908631669852
Guarda-roupa,7908631674535
Guarda-roupa,7908631678540
Guarda-roupa,7908631681717
Guarda-roupa,7908673005007
Guarda-roupa,7908687501731
Guarda-roupa,7908687507634
Guarda-roupa,7908687508068
Guarda-roupa,7908687513130
Guarda-roupa,7908790617534
Guarda-roupa,7908791216088
Guarda-roupa,7908801519369
Guarda-roupa,7908821400814
Guarda-roupa,7908821450673
Guarda-roupa,7908858004061
Guarda-roupa,7908858007307
Guarda-roupa,7908898708905
Guarda-roupa,7908986100024
Guarda-roupa,7909192283167
Guarda-roupa,7909875378142
Guarda-roupa,7909903198100
Guarda-roupa,7909903315132
Guarda-roupa,7909903453834
Guarda-roupa,7909903469736
Guarda-roupa,7909903487006
Guarda-roupa,7909903494981
Guarda-roupa,7909903531570
Guarda-roupa,7909903765722
Guarda-roupa,7909903774397
Guarda-roupa,8910029892161
Guarda-roupa,9810028714107
Guarda-roupa,9810028714251
Guarda-roupa,9810028714664
Guarda-roupa,9810028714855
Lava e Seca,6901101835499
Lava e Seca,6901101838032
Lava e Seca,6921081520758
Lava e Seca,6921081520796
Lava e Seca,6921081520802
Lava e Seca,6921081520819
Lava e Seca,6921081520826
Lava e Seca,7891129499263
Lava e Seca,7891129554344
Lava e Seca,7891129607422
Lava e Seca,7891129607439
Lava e Seca,7891129607460
Lava e Seca,7891356087080
Lava e Seca,7891356121197
Lava e Seca,7891356127069
Lava e Seca,7891585063183
Lava e Seca,7892132364722
Lava e Seca,7896067299180
Lava e Seca,7908198005162
Lava e Seca,7908198006176
Lava e Seca,7908198015956
Lava e Seca,7908198022602
Lava e Seca,7908198023395
Lava e Seca,7908198023777
Lava e Seca,7908198023791
Lava e Seca,7908198025191
Lava e Seca,7908786404261
Lava e Seca,7909569002506
Lava e Seca,7909569485606
Lava e Seca,7909569485620
Lava e Seca,7909569485637
Lava e Seca,8806084149435
Lava e Seca,8806084445490
Lava e Seca,8806084445674
Lava e Seca,8806084445698
Lava e Seca,8806084446077
Lava e Seca,8806084446084
Lava e Seca,8806084446275
Lava e Seca,8806091131874
Lava e Seca,8806091131881
Lava e Seca,8806091728302
Lava e Seca,8806092567467
Lava e Seca,8806092939233
Lava e Seca,8806092939257
Lava e Seca,8806092939288
Lava e Seca,8806092939295
Lava e Seca,8806094468168
Lava e Seca,8806096198834
Lava e Seca,8806097678700
Lava e Seca,8806097678755
Lava-louças,7891129253711
Lava-louças,7891129501928
Lava-louças,7891129501935
Lava-louças,7891129530850
Lava-louças,7891129550469
Lava-louças,7891129571464
Lava-louças,7891129579637
Lava-louças,7891129582019
Lava-louças,7891129582033
Lava-louças,7891129582064
Lava-louças,7891129582224
Lava-louças,7891356117466
Lava-louças,7891356117473
Lava-louças,7891356127083
Lava-louças,7894693788429
Lava-louças,7899100666024
Lava-louças,7899650331199
Lava-louças,7900163024086
Lava-louças,7900163024093
Lava-louças,7900163024147
Lava-louças,7901203545165
Lava-louças,7903504440514
Lava-louças,7904654503012
Lava-louças,7908198002192
Lava-louças,7908198023111
Lava-louças,7908198023142
Lava-louças,7908198023159
Lava-louças,7908198023166
Lava-louças,7908198024644
Lava-louças,7908198024682
Lava-louças,7908198024699
Lava-louças,7908198024712
Lava-louças,7908786405206
Lava-louças,7909189070480
Lava-louças,7909569001530
Lava-louças,7909569243176
Lava-louças,7909569243190
Lava-louças,7909569243206
Lava-louças,7909569346594
Lava-louças,7909569423271
Lava-louças,7909569479841
Lava-louças,7909569479889
Lava-louças,7909569479926
Lava-louças,7909569479940
Lava-louças,7909569520246
Lava-louças,7909569520284
Lava-louças,8436024505276
Lava-louças,8690842418938
Lava-louças,8806094793826
Lava-louças,8806094793840
Lavadora de Roupas,7891129552104
Lavadora de Roupas,7891129568334
Lavadora de Roupas,7891129576261
Lavadora de Roupas,7891129597716
Lavadora de Roupas,7891129597730
Lavadora de Roupas,7891129600997
Lavadora de Roupas,7891129611511
Lavadora de Roupas,7891129611535
Lavadora de Roupas,7891129614529
Lavadora de Roupas,7891129615250
Lavadora de Roupas,7891129615410
Lavadora de Roupas,7891129616219
Lavadora de Roupas,7891356115479
Lavadora de Roupas,7891356116063
Lavadora de Roupas,7896067227602
Lavadora de Roupas,7896067227831
Lavadora de Roupas,7896067228760
Lavadora de Roupas,7896067228913
Lavadora de Roupas,7896067229170
Lavadora de Roupas,7896067229187
Lavadora de Roupas,7896664698119
Lavadora de Roupas,7896664698171
Lavadora de Roupas,7897016830249
Lavadora de Roupas,7897016830256
Lavadora de Roupas,7897016830287
Lavadora de Roupas,7897016839624
Lavadora de Roupas,7897016839655
Lavadora de Roupas,7898761370066
Lavadora de Roupas,7898761370301
Lavadora de Roupas,7898761370806
Lavadora de Roupas,7898761370813
Lavadora de Roupas,7898761370820
Lavadora de Roupas,7898761370837
Lavadora de Roupas,7908198005063
Lavadora de Roupas,7908198005070
Lavadora de Roupas,7908198005179
Lavadora de Roupas,7908198021933
Lavadora de Roupas,7909569358405
Lavadora de Roupas,7909569447208
Lavadora de Roupas,7909569465561
Lavadora de Roupas,7909569470374
Lavadora de Roupas,7909569470381
Lavadora de Roupas,7909569483121
Lavadora de Roupas,7909569483138
Lavadora de Roupas,7909569483961
Lavadora de Roupas,7909569484005
Lavadora de Roupas,7909569485682
Lavadora de Roupas,8806091131881
Lavadora de Roupas,8806091131898
Lavadora de Roupas,8806095678511
Microondas,3250617573719
Microondas,7891129501713
Microondas,7891129543751
Microondas,7891129543799
Microondas,7891129547001
Microondas,7891129547025
Microondas,7891129582231
Microondas,7891129583160
Microondas,7891129603738
Microondas,7891129603745
Microondas,7891129604049
Microondas,7891129604209
Microondas,7891129605701
Microondas,7891356095658
Microondas,7891356116711
Microondas,7891356118296
Microondas,7891356123214
Microondas,7891356124228
Microondas,7891356133268
Microondas,7891356134456
Microondas,7893299942815
Microondas,7893299946615
Microondas,7896513323513
Microondas,7896543588036
Microondas,7896543588050
Microondas,7896543588081
Microondas,7896543588142
Microondas,7896543609083
Microondas,7896543611468
Microondas,7896543642837
Microondas,7896584062052
Microondas,7898461976711
Microondas,7898945166898
Microondas,7898945167741
Microondas,7898945167925
Microondas,7899100675033
Microondas,7899466435050
Microondas,7899882317411
Microondas,7901105620304
Microondas,7901464032015
Microondas,7903624500549
Microondas,7903796159101
Microondas,7904056451300
Microondas,7904314061524
Microondas,7904505621001
Microondas,7904712729354
Microondas,7905011340646
Microondas,7909569003299
Microondas,7909569410165
Microondas,7909569410271
Notebook,0195553697453
Notebook,0195949640391
Notebook,0195949841767
Notebook,0195949867613
Notebook,0195949868962
Notebook,0195949869419
Notebook,0195950489255
Notebook,0195950688115
Notebook,0195950694994
Notebook,0195950696875
Notebook,0195950712650
Notebook,0195950714531
Notebook,0195950717990
Notebook,0195951255026
Notebook,0196119507667
Notebook,0197532467309
Notebook,0197532467323
Notebook,0198154252083
Notebook,0198155000676
Notebook,0198155001031
Notebook,0198155001130
Notebook,0198155001536
Notebook,0198155001680
Notebook,0198155001703
Notebook,0198155874840
Notebook,0198156389381
Notebook,0198156745170
Notebook,0198157134133
Notebook,0198157141896
Notebook,0198157277168
Notebook,0198158686686
Notebook,0198158802376
Notebook,0198701854012
Notebook,0199251460852
Notebook,0199271789490
Notebook,0199271913345
Notebook,0199272563136
Notebook,0199272665014
Notebook,0199272843146
Notebook,0199272843160
Notebook,0199272843207
Notebook,0199272850175
Notebook,0199272907503
Notebook,0199272907558
Notebook,0199272907572
Notebook,0199273138975
Notebook,0199275105722
Notebook,0199275320392
Notebook,0199275320439
Notebook,0199275320460
Notebook,0199275545658
Notebook,0199276079640
Notebook,0199276331687
Notebook,0708787806777
Notebook,0884116514749
Notebook,0884116864127
Notebook,2000000292793
Notebook,4710886825418
Notebook,4710886825562
Notebook,4710886829416
Notebook,4711121231100
Notebook,4711121666278
Notebook,4711121970412
Notebook,4711474482006
Notebook,4711474482075
Notebook,4711474519740
Notebook,4711474619846
Notebook,4711474665713
Notebook,4711474722386
Notebook,4711474755148
Notebook,4711474766755
Notebook,4711636123709
Notebook,4711636681124
Notebook,4711721109229
Notebook,4711721185919
Notebook,4711721188057
Notebook,4711721222683
Notebook,7890000050746
Notebook,7890000421850
Notebook,7890000587051
Notebook,7890000587570
Notebook,7890000618106
Notebook,7890000674027
Notebook,7890000683388
Notebook,7890000701952
Notebook,7890000713450
Notebook,7890000957649
Notebook,7891000001578
Notebook,7891000001585
Notebook,7891000001615
Notebook,7891000001646
Notebook,7891000001653
Notebook,7891368284002
Notebook,7891388626004
Notebook,7891411263008
Notebook,7891413274002
Notebook,7892509136181
Notebook,7892509150323
Notebook,7892509150361
Notebook,7892509150378
Notebook,7892509150507
Notebook,7892509150514
Notebook,7893355038445
Notebook,7893814370529
Notebook,7893818141477
Notebook,7894795255843
Notebook,7894892079380
Notebook,7894892084681
Notebook,7895637934049
Notebook,7895822489781
Notebook,7896595523863
Notebook,7896595523887
Notebook,7896595523894
Notebook,7896595523948
Notebook,7896595524051
Notebook,7896595524068
Notebook,7896904650211
Notebook,7896904663938
Notebook,7896904680348
Notebook,7896904680607
Notebook,7896904684483
Notebook,7897975714734
Notebook,7898242295659
Notebook,7898571463606
Notebook,7898573297520
Notebook,7898573299654
Notebook,7898573299784
Notebook,7899548514215
Notebook,7899838817859
Notebook,7899864950414
Notebook,7899864950742
Notebook,7899864950759
Notebook,7899864950773
Notebook,7899864955327
Notebook,7899864955334
Notebook,7899864955389
Notebook,7899864955426
Notebook,7899864955662
Notebook,7899864955716
Notebook,7899864955730
Notebook,7899864955754
Notebook,7899864955778
Notebook,7899864955785
Notebook,7899864955822
Notebook,7899864955846
Notebook,7899864955952
Notebook,7899864955976
Notebook,7899864956041
Notebook,7899864956065
Notebook,7899864956133
Notebook,7899864956249
Notebook,7899864956300
Notebook,7899864956492
Notebook,7899864956522
Notebook,7899864956539
Notebook,7899864956546
Notebook,7899864956751
Notebook,7899864956768
Notebook,7900580765920
Notebook,7902016727519
Notebook,7902030269392
Notebook,7904234851175
Notebook,7904826707705
Notebook,7906526994959
Notebook,7907441284903
Notebook,7908068807629
Notebook,7908068807650
Notebook,7908068813736
Notebook,7908068813743
Notebook,7908068813828
Notebook,7908068817277
Notebook,7908068817543
Notebook,7908068819974
Notebook,7908068821595
Notebook,7908068825142
Notebook,7908068826989
Notebook,7908068826996
Notebook,7908068827016
Notebook,7908140433135
Notebook,7908737300093
Notebook,7908737300314
Notebook,7908737300734
Notebook,7908737300833
Notebook,7908737300864
Notebook,7908737300994
Notebook,7908737301090
Notebook,7908737301106
Notebook,7908737301151
Notebook,7908737301441
Notebook,7908737301458
Notebook,7908737301465
Notebook,7908737301472
Notebook,7908737301533
Notebook,7908737301618
Notebook,7908737301793
Notebook,7908737301854
Notebook,7908737301915
Notebook,7908803304420
Notebook,7908877200789
Notebook,8848357454204
Pneu,0751320394408
Pneu,1995300000005
Pneu,2050000020865
Pneu,2732429404807
Pneu,3286341006919
Pneu,3286342285610
Pneu,3528701584874
Pneu,3528703722410
Pneu,3528704901128
Pneu,3528706298813
Pneu,3528707159557
Pneu,3528707926548
Pneu,3528708111400
Pneu,3528708382411
Pneu,4019238299892
Pneu,4019238324945
Pneu,4019238456240
Pneu,4019238680515
Pneu,4019238762747
Pneu,4024063004467
Pneu,4032344004181
Pneu,4032344004280
Pneu,4250915103587
Pneu,4710405473915
Pneu,4711041539041
Pneu,4713309140082
Pneu,4713309141614
Pneu,4713309142222
Pneu,4718022022141
Pneu,4718022027047
Pneu,5091037782521
Pneu,5452000642608
Pneu,6901532202112
Pneu,6901532493084
Pneu,6901532505015
Pneu,6921109019196
Pneu,6921109047335
Pneu,6921109052841
Pneu,6921109075338
Pneu,6921109096043
Pneu,6922250412560
Pneu,6924064105836
Pneu,6924064108363
Pneu,6924064120334
Pneu,6924064130166
Pneu,6924590242937
Pneu,6930213609247
Pneu,6930213609742
Pneu,6930213628606
Pneu,6930213628613
Pneu,6931519301439
Pneu,6931519319304
Pneu,6931519330804
Pneu,6932621608607
Pneu,6932621615636
Pneu,6932621615858
Pneu,6932621615889
Pneu,6937833511486
Pneu,6938112602406
Pneu,6938112605827
Pneu,6938112635923
Pneu,6938112648480
Pneu,6938628206518
Pneu,6938628207225
Pneu,6938628209403
Pneu,6938628276290
Pneu,6938628276313
Pneu,6938628298346
Pneu,6939801708454
Pneu,6942607100803
Pneu,6942607101572
Pneu,6950306318863
Pneu,6950306331657
Pneu,6950306348570
Pneu,6953913137261
Pneu,6953913152868
Pneu,6953913188980
Pneu,6958460912309
Pneu,6958460916413
Pneu,6958460927532
Pneu,6958460928959
Pneu,6959956706662
Pneu,6959956775569
Pneu,6959956784868
Pneu,6959956785476
Pneu,6959956796052
Pneu,6970146110854
Pneu,6970310401870
Pneu,6971594101647
Pneu,6971594101913
Pneu,6972508642881
Pneu,6973158100097
Pneu,6973158100493
Pneu,6978185888857
Pneu,7501720507068
Pneu,7792033154258
Pneu,7792844465673
Pneu,7792844465819
Pneu,7793444064709
Pneu,7793444149383
Pneu,7793444166236
Pneu,7793444221287
Pneu,7793962583478
Pneu,7793962733576
Pneu,7793962953660
Pneu,7793963214166
Pneu,7793963254520
Pneu,7794107754593
Pneu,7794107874475
Pneu,7794107914829
Pneu,7794108003263
Pneu,7794108019349
Pneu,7794108097194
Pneu,7794238609601
Pneu,7794238658852
Pneu,7794238699459
Pneu,7794535064998
Pneu,7794535256201
Pneu,7794535296733
Pneu,7794535506306
Pneu,7794535545893
Pneu,7794535556417
Pneu,7794535806130
Pneu,7794708639107
Pneu,7794708669562
Pneu,7795336981521
Pneu,7795494414817
Pneu,7795494444890
Pneu,7795494565618
Pneu,7795494754692
Pneu,7795494864759
Pneu,7796519845708
Pneu,7796519846118
Pneu,7798969584589
Pneu,7798969654428
Pneu,7808057113017
Pneu,7847000006181
Pneu,7870000056061
Pneu,7890000988445
Pneu,7890023800311
Pneu,7890023800342
Pneu,7890130000017
Pneu,7890173037957
Pneu,7891002014460
Pneu,7891002082919
Pneu,7891002082940
Pneu,7891039032024
Pneu,7891241578556
Pneu,7891241579508
Pneu,7891241586339
Pneu,7891679049222
Pneu,7891799735623
Pneu,7891928537753
Pneu,7892115743988
Pneu,7892766008245
Pneu,7892891186313
Pneu,7893091008993
Pneu,7893091027314
Pneu,7893091027796
Pneu,7893091032004
Pneu,7893091036682
Pneu,7893091038358
Pneu,7893174402625
Pneu,7893200652123
Pneu,7893213481574
Pneu,7893250453671
Pneu,7893390027398
Pneu,7893412600691
Pneu,7893727296855
Pneu,7893899522943
Pneu,7894149383314
Pneu,7894329880664
Pneu,7894430843718
Pneu,7894430876228
Pneu,7894431469856
Pneu,7894587112224
Pneu,7894797616277
Pneu,7894887307085
Pneu,7895029121699
Pneu,7895201069009
Pneu,7895345001415
Pneu,7895345001774
Pneu,7895345002030
Pneu,7895345014828
Pneu,7895345020973
Pneu,7895345027187
Pneu,7895345029044
Pneu,7895345029112
Pneu,7895383801329
Pneu,7895403805658
Pneu,7895403814216
Pneu,7895403954196
Pneu,7895404285374
Pneu,7895404632871
Pneu,7895404892626
Pneu,7895405050094
Pneu,7895405904786
Pneu,7895616165587
Pneu,7895704121853
Pneu,7895741891450
Pneu,7895911525208
Pneu,7896141925813
Pneu,7896228303053
Pneu,7896233959269
Pneu,7896589230227
Pneu,7896715807101
Pneu,7896759063792
Pneu,7896807419847
Pneu,7896807420058
Pneu,7896807422465
Pneu,7896807422946
Pneu,7896807425374
Pneu,7896807425381
Pneu,7896807425831
Pneu,7896807426104
Pneu,7896807426371
Pneu,7896807427446
Pneu,7896807427828
Pneu,7897046765801
Pneu,7897046914063
Pneu,7897075140129
Pneu,7897216850443
Pneu,7897473140967
Pneu,7897591874232
Pneu,7897757758475
Pneu,7897861216946
Pneu,7898153871614
Pneu,7898153873793
Pneu,7898214965597
Pneu,7898324379321
Pneu,7898324379949
Pneu,7898403654585
Pneu,7898493790064
Pneu,7898493790255
Pneu,7898523244772
Pneu,7898576443139
Pneu,7898576443870
Pneu,7898583356446
Pneu,7898792067065
Pneu,7899021138525
Pneu,7899021138693
Pneu,7899021139164
Pneu,7899021149217
Pneu,7899021156116
Pneu,7899041506663
Pneu,7899270886512
Pneu,7899450374914
Pneu,7899721630206
Pneu,7899721636697
Pneu,7899721637199
Pneu,7899768352499
Pneu,7899963001901
Pneu,7901447727006
Pneu,7904204651354
Pneu,7905027787176
Pneu,7905054040138
Pneu,7908249314045
Pneu,7908249319637
Pneu,7908249319682
Pneu,7908249323719
Pneu,7908249323795
Pneu,7908249325553
Pneu,7908315706361
Pneu,7908315709430
Pneu,7908543380227
Pneu,8019227034691
Pneu,8019227080117
Pneu,8019227100518
Pneu,8019227206869
Pneu,8019227207026
Pneu,8019227231595
Pneu,8019227240924
Pneu,8019227277029
Pneu,8019227290233
Pneu,8019227324655
Pneu,8019227327571
Pneu,8019227377323
Pneu,8807622179372
Pneu,8807622213656
Pneu,8807622351402
Pneu,8808563337708
Pneu,8808563339993
Pneu,8808563353579
Pneu,8808563525143
Pneu,8808956165338
Pneu,8808956276744
Pneu,8808956278298
Pneu,8808956299552
Pneu,8808956683214
Pneu,8848139001114
Pneu,8848180001293
Pneu,8859295849724
Pneu,8903094057283
Pneu,8903635027409
Pneu,8904299236053
Pneu,8935039025583
Pneu,8935271908767
Pneu,8935336907513
Pneu,8935368800448
Pneu,9550000003651
Refrigerador,3838782167065
Refrigerador,6901018001017
Refrigerador,6901018099847
Refrigerador,6921727084972
Refrigerador,7891129185418
Refrigerador,7891129245471
Refrigerador,7891129252714
Refrigerador,7891129252738
Refrigerador,7891129514232
Refrigerador,7891129541573
Refrigerador,7891129551428
Refrigerador,7891129551435
Refrigerador,7891129551565
Refrigerador,7891129554887
Refrigerador,7891129564046
Refrigerador,7891129572300
Refrigerador,7891129585348
Refrigerador,7891129588745
Refrigerador,7891129588820
Refrigerador,7891129588844
Refrigerador,7891129588905
Refrigerador,7891129589032
Refrigerador,7891129589063
Refrigerador,7891129589070
Refrigerador,7891129589100
Refrigerador,7891129594449
Refrigerador,7891129594494
Refrigerador,7891129598645
Refrigerador,7891129598690
Refrigerador,7891129598799
Refrigerador,7891129616516
Refrigerador,7891129628045
Refrigerador,7891129628052
Refrigerador,7891129628076
Refrigerador,7891356106996
Refrigerador,7891356121531
Refrigerador,7891356121548
Refrigerador,7896067227725
Refrigerador,7896067227732
Refrigerador,7896067228166
Refrigerador,7896067228715
Refrigerador,7896067228722
Refrigerador,7896067228852
Refrigerador,7896067229019
Refrigerador,7896067229088
Refrigerador,7896584055900
Refrigerador,7896584055917
Refrigerador,7898552005573
Refrigerador,7898761370004
Refrigerador,7898761370011
Refrigerador,7898761370172
Refrigerador,7898761370547
Refrigerador,7898761370561
Refrigerador,7898761370585
Refrigerador,7899081700779
Refrigerador,7899081701523
Refrigerador,7899081731308
Refrigerador,7899081755830
Refrigerador,7899963915055
Refrigerador,7899963917301
Refrigerador,7900163005603
Refrigerador,7900163006082
Refrigerador,7900163006099
Refrigerador,7900163015374
Refrigerador,7900163015404
Refrigerador,7900163015411
Refrigerador,7900163017835
Refrigerador,7900163025922
Refrigerador,7900163025946
Refrigerador,7908198003205
Refrigerador,7908198003229
Refrigerador,7908198004301
Refrigerador,7908198004417
Refrigerador,7908198006312
Refrigerador,7908198015406
Refrigerador,7908198024279
Refrigerador,7908198025221
Refrigerador,7908786403417
Refrigerador,7908786403462
Refrigerador,7908786403530
Refrigerador,7908786407231
Refrigerador,7909569394090
Refrigerador,7909569394151
Refrigerador,7909569441343
Refrigerador,7909569441350
Refrigerador,7909569460382
Refrigerador,7909569462584
Refrigerador,7909569462591
Refrigerador,7909569462621
Refrigerador,7909569471814
Refrigerador,7909569471852
Refrigerador,7909569472170
Refrigerador,7909569474747
Refrigerador,7909569486849
Refrigerador,8806084121684
Refrigerador,8806091910622
Refrigerador,8806094620627
Refrigerador,8806094620634
Refrigerador,8806096056578
Refrigerador,8806096206157
Smartphone,0190198057792
Smartphone,0190198066794
Smartphone,0190199380752
Smartphone,0194252014646
Smartphone,0194252021613
Smartphone,0194252030356
Smartphone,0194252034101
Smartphone,0194252431436
Smartphone,0194252708958
Smartphone,0194253401407
Smartphone,0194253403388
Smartphone,0194253409373
Smartphone,0194253410034
Smartphone,0194253488071
Smartphone,0195949048791
Smartphone,0195949771040
Smartphone,0195949805936
Smartphone,0195949806414
Smartphone,0195950051919
Smartphone,0195950624496
Smartphone,0195950639520
Smartphone,0195950644616
Smartphone,0195951030449
Smartphone,0195951409580
Smartphone,0195951409610
Smartphone,0195951415222
Smartphone,0195951415239
Smartphone,0198155000638
Smartphone,0198155000645
Smartphone,0214984108441
Smartphone,0400060097277
Smartphone,0472730685848
Smartphone,0588519257202
Smartphone,0753463971867
Smartphone,0840023269172
Smartphone,0840023278471
Smartphone,0840023278549
Smartphone,0840023292248
Smartphone,0848958033899
Smartphone,0887276802619
Smartphone,1429369500607
Smartphone,1453430353502
Smartphone,1821302091249
Smartphone,2331363952896
Smartphone,2429325903144
Smartphone,2582759624013
Smartphone,2923164988275
Smartphone,3051038902818
Smartphone,3140379697276
Smartphone,3312797618083
Smartphone,4122894386445
Smartphone,4305096872682
Smartphone,4431461637836
Smartphone,4754952942258
Smartphone,4760506980218
Smartphone,4795316429015
Smartphone,4810847557058
Smartphone,4815665001363
Smartphone,4894947084423
Smartphone,4894947084508
Smartphone,4894947092626
Smartphone,4894947093685
Smartphone,5684459688405
Smartphone,5847395284432
Smartphone,6084949995096
Smartphone,6138812096202
Smartphone,6273665132643
Smartphone,6349262101013
Smartphone,6463593942081
Smartphone,6569094910779
Smartphone,6638658419949
Smartphone,6923740216415
Smartphone,6923740237410
Smartphone,6923740243428
Smartphone,6923740275245
Smartphone,6931548325192
Smartphone,6932554405472
Smartphone,6932554406677
Smartphone,6932554406905
Smartphone,6932554408756
Smartphone,6932554412562
Smartphone,6932554423278
Smartphone,6932554431204
Smartphone,6932554436827
Smartphone,6932554436841
Smartphone,6932554438180
Smartphone,6932554448851
Smartphone,6932554450113
Smartphone,6932554456108
Smartphone,6932554469818
Smartphone,6932554469825
Smartphone,6932554471521
Smartphone,6932554472238
Smartphone,6932554472290
Smartphone,6932554474034
Smartphone,6932554476083
Smartphone,6932554478063
Smartphone,6932554478599
Smartphone,6932554480301
Smartphone,6932554481094
Smartphone,6932554481230
Smartphone,6932554483333
Smartphone,6932554488246
Smartphone,6932554488291
Smartphone,6932554488376
Smartphone,6932554493424
Smartphone,6941764424883
Smartphone,6941764452862
Smartphone,6941764467774
Smartphone,6941764469655
Smartphone,6941812706275
Smartphone,6941812788837
Smartphone,6941812798423
Smartphone,6971593171887
Smartphone,6972977535554
Smartphone,6974270787272
Smartphone,6975326660129
Smartphone,6975326661218
Smartphone,6975708065009
Smartphone,7798940675350
Smartphone,7890000599986
Smartphone,7890057516516
Smartphone,7891078605043
Smartphone,7891180748263
Smartphone,7891197132789
Smartphone,7891198432130
Smartphone,7891198723207
Smartphone,7891327327009
Smartphone,7891329144260
Smartphone,7891490626398
Smartphone,7891492555627
Smartphone,7891718388664
Smartphone,7892072308008
Smartphone,7892072315310
Smartphone,7892412259632
Smartphone,7892456757576
Smartphone,7892509089913
Smartphone,7892509114806
Smartphone,7892509115803
Smartphone,7892509115933
Smartphone,7892509118576
Smartphone,7892509119047
Smartphone,7892509119276
Smartphone,7892509121286
Smartphone,7892509121293
Smartphone,7892509122818
Smartphone,7892509125567
Smartphone,7892509128896
Smartphone,7892509130950
Smartphone,7892509131766
Smartphone,7892509133524
Smartphone,7892509133982
Smartphone,7892509134231
Smartphone,7892509134255
Smartphone,7892509136570
Smartphone,7892509138185
Smartphone,7892509138192
Smartphone,7892509139212
Smartphone,7892509141147
Smartphone,7892509144315
Smartphone,7892509144353
Smartphone,7892509144742
Smartphone,7892509144766
Smartphone,7892509144803
Smartphone,7892509146548
Smartphone,7892509147514
Smartphone,7892509147675
Smartphone,7892509148009
Smartphone,7892509148276
Smartphone,7892509148283
Smartphone,7892509149051
Smartphone,7892509149082
Smartphone,7892509149150
Smartphone,7892509149426
Smartphone,7892509149945
Smartphone,7892509149952
Smartphone,7892509150972
Smartphone,7892509151016
Smartphone,7892509151078
Smartphone,7892509151115
Smartphone,7892509151283
Smartphone,7892542862306
Smartphone,7892597349418
Smartphone,7892597350322
Smartphone,7892597350599
Smartphone,7892597350780
Smartphone,7892597351428
Smartphone,7892597351473
Smartphone,7892597351749
Smartphone,7892597352210
Smartphone,7892597352296
Smartphone,7892597352609
Smartphone,7892597352678
Smartphone,7892597353071
Smartphone,7892597354108
Smartphone,7892597354160
Smartphone,7892597354177
Smartphone,7892597354368
Smartphone,7892597354412
Smartphone,7892597354849
Smartphone,7892597355501
Smartphone,7892597355860
Smartphone,7892597355938
Smartphone,7892597451289
Smartphone,7892597451821
Smartphone,7892597451982
Smartphone,7892597452088
Smartphone,7892597452101
Smartphone,7892597452187
Smartphone,7892597452224
Smartphone,7892597452439
Smartphone,7892654857542
Smartphone,7892683746398
Smartphone,7893010916736
Smartphone,7893112204755
Smartphone,7893299910982
Smartphone,7893299914164
Smartphone,7893299914706
Smartphone,7893453105988
Smartphone,7893793427023
Smartphone,7893983057986
Smartphone,7894002161165
Smartphone,7894068202123
Smartphone,7894353423417
Smartphone,7894424453701
Smartphone,7894675321453
Smartphone,7894675321491
Smartphone,7894892028012
Smartphone,7894892028029
Smartphone,7894892030183
Smartphone,7894892030367
Smartphone,7894892030893
Smartphone,7894892030916
Smartphone,7894892030978
Smartphone,7894892031159
Smartphone,7894892031203
Smartphone,7894892031401
Smartphone,7894892031593
Smartphone,7894892031616
Smartphone,7894892031814
Smartphone,7894892031890
Smartphone,7894892031937
Smartphone,7894892033573
Smartphone,7894892033658
Smartphone,7894892039087
Smartphone,7894892039810
Smartphone,7894892039995
Smartphone,7894892040151
Smartphone,7894892040830
Smartphone,7894892040939
Smartphone,7894892041011
Smartphone,7894892041417
Smartphone,7894892044326
Smartphone,7894892044357
Smartphone,7894892045514
Smartphone,7894892045545
Smartphone,7894892045804
Smartphone,7894892048645
Smartphone,7894892048669
Smartphone,7894892048867
Smartphone,7894892049871
Smartphone,7894892049949
Smartphone,7894892050006
Smartphone,7894892050204
Smartphone,7894892050792
Smartphone,7894892050815
Smartphone,7894892051119
Smartphone,7894892051133
Smartphone,7894892062627
Smartphone,7894892063808
Smartphone,7894892063877
Smartphone,7894892064720
Smartphone,7894892066236
Smartphone,7894892066250
Smartphone,7894892067509
Smartphone,7894892067783
Smartphone,7894892068124
Smartphone,7894892068827
Smartphone,7894892068964
Smartphone,7894892069312
Smartphone,7894892069374
Smartphone,7894892069404
Smartphone,7894892069527
Smartphone,7894892069640
Smartphone,7894892070554
Smartphone,7894892071025
Smartphone,7894892071070
Smartphone,7894892071674
Smartphone,7894892072848
Smartphone,7894892075153
Smartphone,7894892075160
Smartphone,7895067085052
Smartphone,7895286675973
Smartphone,7895479775657
Smartphone,7895545604126
Smartphone,7895570578751
Smartphone,7895593257572
Smartphone,7895627574392
Smartphone,7895641772941
Smartphone,7895759358129
Smartphone,7895761901498
Smartphone,7895761907339
Smartphone,7895761912692
Smartphone,7895761913019
Smartphone,7895761913408
Smartphone,7895761945911
Smartphone,7895805209641
Smartphone,7896142456231
Smartphone,7896192040794
Smartphone,7896359735914
Smartphone,7896407426191
Smartphone,7896456452783
Smartphone,7896507743464
Smartphone,7896579930571
Smartphone,7896586867471
Smartphone,7896798400053
Smartphone,7896798400084
Smartphone,7896798400329
Smartphone,7896798401548
Smartphone,7896798401586
Smartphone,7896798401814
Smartphone,7896798402484
Smartphone,7896798404945
Smartphone,7896798405072
Smartphone,7896798405683
Smartphone,7896904648157
Smartphone,7896904671032
Smartphone,7896904686104
Smartphone,7896904686425
Smartphone,7896904691795
Smartphone,7896999487747
Smartphone,7897934896105
Smartphone,7898006633628
Smartphone,7898015648231
Smartphone,7898066421258
Smartphone,7898088623692
Smartphone,7898107875866
Smartphone,7898371345515
Smartphone,7898426264846
Smartphone,7898547311108
Smartphone,7898552004828
Smartphone,7898552005726
Smartphone,7898552109271
Smartphone,7898553006302
Smartphone,7899105012819
Smartphone,7899521035485
Smartphone,7899548514123
Smartphone,7899838889207
Smartphone,7899891204146
Smartphone,7899999325668
Smartphone,7900015148076
Smartphone,7900191748008
Smartphone,7900830190793
Smartphone,7901294830645
Smartphone,7902873205229
Smartphone,7903147393857
Smartphone,7903312346107
Smartphone,7904315583490
Smartphone,7904477236890
Smartphone,7904801354115
Smartphone,7905975600152
Smartphone,7906786902794
Smartphone,7906981380106
Smartphone,7907040922633
Smartphone,7907778231731
Smartphone,7908317345766
Smartphone,7908340360613
Smartphone,7908414413238
Smartphone,7908414420298
Smartphone,7908426309383
Smartphone,7908426309932
Smartphone,7908426309956
Smartphone,7908426310921
Smartphone,7908426310945
Smartphone,7908426311010
Smartphone,7908426313274
Smartphone,7908426313328
Smartphone,7908426313359
Smartphone,7908426314325
Smartphone,7908426317555
Smartphone,7908685606636
Smartphone,7908803307902
Smartphone,7908803309883
Smartphone,7908842854511
Smartphone,7908842862745
Smartphone,7908898457773
Smartphone,7908898477337
Smartphone,7908898507508
Smartphone,7909792629235
Smartphone,8033779080586
Smartphone,8162884236790
Smartphone,8644322405802
Smartphone,8806095663807
Smartphone,8806097425106
Smartphone,8989166115990
Smartphone,9051719359690
Smartphone,9444806731156
Smartphone,9672166980048
Smartphone,9942839817729
Smartphone,9971497446934
Sofá,0600158568287
Sofá,0609963235483
Sofá,0609963236985
Sofá,0842536108610
Sofá,2000000098913
Sofá,7448070182098
Sofá,7791825726390
Sofá,7791928819074
Sofá,7793601450956
Sofá,7793601743317
Sofá,7793903704009
Sofá,7794346921756
Sofá,7794555526551
Sofá,7795589840415
Sofá,7795633342643
Sofá,7795633354219
Sofá,7804126191658
Sofá,7804126191726
Sofá,7807384149768
Sofá,7807384230022
Sofá,7807576291640
Sofá,7890000217262
Sofá,7890001091786
Sofá,7890015510037
Sofá,7890018800500
Sofá,7890138429124
Sofá,7890692709991
Sofá,7890718481900
Sofá,7891206200751
Sofá,7891468684931
Sofá,7891674677741
Sofá,7892212340073
Sofá,7892212373859
Sofá,7892212388891
Sofá,7892317826892
Sofá,7892546542471
Sofá,7892755772072
Sofá,7893590795585
Sofá,7893781951103
Sofá,7893833710368
Sofá,7893833710702
Sofá,7893833711662
Sofá,7893833711778
Sofá,7893833714618
Sofá,7893833714861
Sofá,7893833730519
Sofá,7894082974181
Sofá,7894083383487
Sofá,7894083410893
Sofá,7894243539471
Sofá,7894253263632
Sofá,7894488542618
Sofá,7894623079504
Sofá,7894982488573
Sofá,7894983960931
Sofá,7894985518932
Sofá,7894985519038
Sofá,7895141986244
Sofá,7895224566950
Sofá,7895491935503
Sofá,7895601400945
Sofá,7895609805254
Sofá,7895712043901
Sofá,7895917515982
Sofá,7896047938702
Sofá,7896460053549
Sofá,7896460057271
Sofá,7896460070706
Sofá,7896555190111
Sofá,7897259026126
Sofá,7897391050041
Sofá,7898119395420
Sofá,7898467650653
Sofá,7898707390608
Sofá,7898707397003
Sofá,7898715262102
Sofá,7898753861374
Sofá,7898760839380
Sofá,7898760839649
Sofá,7898764230091
Sofá,7898770446578
Sofá,7898960046137
Sofá,7898960046502
Sofá,7898960049176
Sofá,7898960052619
Sofá,7898964757411
Sofá,7899390840944
Sofá,7899441124658
Sofá,7899820101447
Sofá,7899820103731
Sofá,7899820104264
Sofá,7899820108750
Sofá,7899913431437
Sofá,7900019778323
Sofá,7900263001024
Sofá,7900263101038
Sofá,7900263105623
Sofá,7900288024046
Sofá,7900288090874
Sofá,7900288097804
Sofá,7900288105974
Sofá,7900288160270
Sofá,7900288216991
Sofá,7900288223715
Sofá,7900288242006
Sofá,7900288257383
Sofá,7900288258533
Sofá,7900288260253
Sofá,7900288269171
Sofá,7900288286116
Sofá,7900288381972
Sofá,7900288382153
Sofá,7900288416827
Sofá,7900288417978
Sofá,7900288431158
Sofá,7900288450173
Sofá,7900288458582
Sofá,7900288472571
Sofá,7900288476890
Sofá,7901017003844
Sofá,7901017008214
Sofá,7901017065088
Sofá,7901056011428
Sofá,7901061939748
Sofá,7901130765452
Sofá,7901132131453
Sofá,7901132161771
Sofá,7901151402329
Sofá,7901151406402
Sofá,7902307799683
Sofá,7908002490795
Sofá,7908007810703
Sofá,7908007821501
Sofá,7908007825837
Sofá,7908107758974
Sofá,7908107771621
Sofá,7908107772390
Sofá,7908107775728
Sofá,7908144084005
Sofá,7908144087822
Sofá,7908175329823
Sofá,7908175330478
Sofá,7908175332458
Sofá,7908175332922
Sofá,7908258576342
Sofá,7908265765838
Sofá,7908265767535
Sofá,7908265768938
Sofá,7908265775622
Sofá,7908277204554
Sofá,7908277208026
Sofá,7908277209917
Sofá,7908277226990
Sofá,7908277231130
Sofá,7908277232373
Sofá,7908277233547
Sofá,7908277234520
Sofá,7908277235589
Sofá,7908277238153
Sofá,7908277238825
Sofá,7908277268464
Sofá,7908277268945
Sofá,7908277269065
Sofá,7908308782167
Sofá,7908349704319
Sofá,7908439616003
Sofá,7908439643153
Sofá,7908449827727
Sofá,7908462242545
Sofá,7908478816761
Sofá,7908478820553
Sofá,7908478824148
Sofá,7908478826937
Sofá,7908478827521
Sofá,7908478834802
Sofá,7908478840469
Sofá,7908506235199
Sofá,7908516768175
Sofá,7908516771984
Sofá,7908516773216
Sofá,7908530816937
Sofá,7908542903984
Sofá,7908542942389
Sofá,7908542943737
Sofá,7908542955099
Sofá,7908542959134
Sofá,7908542962493
Sofá,7908542964190
Sofá,7908542965081
Sofá,7908542966149
Sofá,7908581122032
Sofá,7908581130563
Sofá,7908599306080
Sofá,7908599366893
Sofá,7908599379466
Sofá,7908599384859
Sofá,7908599397781
Sofá,7908611301116
Sofá,7908611304643
Sofá,7908615302133
Sofá,7908615316116
Sofá,7908615328270
Sofá,7908615328515
Sofá,7908615360812
Sofá,7908615367132
Sofá,7908615371771
Sofá,7908615379241
Sofá,7908615379647
Sofá,7908645523546
Sofá,7908645524963
Sofá,7908645530414
Sofá,7908645531251
Sofá,7908645531435
Sofá,7908670887453
Sofá,7908707549507
Sofá,7908729642187
Sofá,7908741629531
Sofá,7908741630025
Sofá,7908741630438
Sofá,7908741661524
Sofá,7908741668196
Sofá,7908741691248
Sofá,7908780339408
Sofá,7908780346963
Sofá,7908788225314
Sofá,7908788226946
Sofá,7908788227073
Sofá,7908791256121
Sofá,7908816338375
Sofá,7908816338474
Sofá,7908816339433
Sofá,7908816371358
Sofá,7908826410917
Sofá,7908826420329
Sofá,7908826420701
Sofá,7908833400178
Sofá,7908847625161
Sofá,7908847629398
Sofá,7908863411168
Sofá,7908863421976
Sofá,7908863422485
Sofá,7908863422683
Sofá,7908863428111
Sofá,7908863434082
Sofá,7908863435553
Sofá,7908863437656
Sofá,7908863438028
Sofá,7908863441301
Sofá,7908863441356
Sofá,7908863442537
Sofá,7908863442605
Sofá,7908863443671
Sofá,7908863451300
Sofá,7908863452253
Sofá,7908863456749
Sofá,7908863463150
Sofá,7908863472398
Sofá,7908863491849
Sofá,7908870823237
Sofá,7908899000527
Sofá,7908899007519
Sofá,7908899015262
Sofá,7908899025735
Sofá,7908899034386
Sofá,7908899055664
Sofá,7908899078502
Sofá,7908899079097
Sofá,7908899093772
Sofá,7908899098265
Sofá,7908899098357
Sofá,7908940000452
Sofá,7908940001183
Sofá,7908940005648
Sofá,7908940010529
Sofá,7908940027565
Sofá,7909659029321
Sofá,7909659030150
Sofá,7909659102550
Sofá,7909659117820
Sofá,7909659143492
Sofá,7909875370320
Sofá,7909903076903
Sofá,7909903166215
Sofá,7909903294802
Sofá,7909903319925
Sofá,7909903335154
Sofá,7909903369616
Sofá,7909903390580
Sofá,7909903417997
Sofá,7909903578117
Sofá,7909903609897
Sofá,7909903647028
Sofá,7909903702895
Sofá,7909903805817
Sofá,7909903855157
Sofá,7909903858301
Sofá,7909903861578
Sofá,7909903905500
Sofá,7909903905562
Sofá,7909903924150
TV,0019992515782
TV,2108360364423
TV,5047032047462
TV,7890309154398
TV,7891096876630
TV,7891356086489
TV,7891356113888
TV,7891356113956
TV,7891356121777
TV,7891356123818
TV,7891356127991
TV,7891356128059
TV,7891986149301
TV,7892509092098
TV,7892509133883
TV,7892509136280
TV,7892509140836
TV,7892509140867
TV,7892509141666
TV,7892509141840
TV,7892509143448
TV,7892509144049
TV,7892509146883
TV,7892509147064
TV,7892509147187
TV,7892509147286
TV,7892509148870
TV,7892509148979
TV,7892509149105
TV,7892865818196
TV,7892873017444
TV,7893050087151
TV,7893299000096
TV,7893299000249
TV,7893299905704
TV,7893299913419
TV,7893299913433
TV,7893299916632
TV,7893299930614
TV,7893299933103
TV,7893299951855
TV,7893299955402
TV,7893299959028
TV,7893299966149
TV,7893299966408
TV,7893299968389
TV,7893299969706
TV,7893299969843
TV,7893299969850
TV,7893299969881
TV,7893299971839
TV,7893436871343
TV,7894597954418
TV,7894720124480
TV,7896059958903
TV,7896484424592
TV,7896523767246
TV,7896532694779
TV,7896563541530
TV,7896750204705
TV,7897016375221
TV,7897314260434
TV,7897612169477
TV,7897839623110
TV,7898322572939
TV,7898545840051
TV,7898620272395
TV,7898620272500
TV,7898620272616
TV,7898620272746
TV,7898620272791
TV,7898620272838
TV,7898620272845
TV,7898680986423
TV,7899548538471
TV,7899882315912
TV,7899882315936
TV,7899963902406
TV,7899968300788
TV,7899968301334
TV,7899968301389
TV,7899968301549
TV,7899968301754
TV,7899968301808
TV,7899968301846
TV,7899968301891
TV,7899968302058
TV,7899968303642
TV,7899968303666
TV,7899968303680
TV,7899968303697
TV,7899968303703
TV,7900104543201
TV,7903500042415
TV,7903837119965
TV,7904012044607
TV,7904054032013
TV,7904500324648
TV,7904536104252
TV,7904910717818
TV,7905304406424
TV,7908685678305
TV,7908685680445
TV,7908685681411
TV,7908842813419
TV,7908842831307
TV,7908842843263
TV,7908842843317
TV,7908842843331
TV,7908842853842
TV,7908842853859
TV,7908842853903
TV,7908842853965
TV,7908842854009
TV,7908842866699
TV,7908842866729
TV,7908842866934
TV,8806094336368
TV,8806097212829
TV,8806099442316
Tablet,0195949964183
Tablet,0197532686656
Tablet,0198158677103
Tablet,0504843168212
Tablet,3166682488981
Tablet,6238423250571
Tablet,7890000377713
Tablet,7890000539005
Tablet,7890024982702
Tablet,7890113399091
Tablet,7890559883215
Tablet,7890743331232
Tablet,7890834499636
Tablet,7891325200250
Tablet,7891327496002
Tablet,7891691092725
Tablet,7892387113786
Tablet,7892509135313
Tablet,7892509143752
Tablet,7893079430938
Tablet,7893510103698
Tablet,7893519874001
Tablet,7893790105214
Tablet,7893852799801
Tablet,7894110808204
Tablet,7894270166817
Tablet,7895571612607
Tablet,7895836913203
Tablet,7895966263292
Tablet,7896622810089
Tablet,7896732359942
Tablet,7896798402460
Tablet,7897029950293
Tablet,7897585485987
Tablet,7897896134710
Tablet,7899000405259
Tablet,7899000405488
Tablet,7899000405693
Tablet,7899105056264
Tablet,7899419798409
Tablet,7900899752468
Tablet,7903215406946
Tablet,7903215407035
Tablet,7903215407141
Tablet,7903215407257
Tablet,7903215407295
Tablet,7903962024417
Tablet,7903962024479
Tablet,7903962024509
Tablet,7903962024516
Tablet,7903962024547
Tablet,7903962024653
Tablet,7903962024790
Tablet,7903962025391
Tablet,7903962025797
Tablet,7903962025858
Tablet,7903962025889
Tablet,7903962026343
Tablet,7903962026503
Tablet,7903962026510
Tablet,7903962026725
Tablet,7903962027036
Tablet,7904210031607
Tablet,7905281867560
Tablet,7905372223268
Tablet,7905372224142
Tablet,7905372224258
Tablet,7905372224333
Tablet,7905372224340
Tablet,7905372224548
Tablet,7905372226085
Tablet,7905372226177
Tablet,7905372226269
Tablet,7905372226818
Tablet,7905372226917
Tablet,7906424402006
Tablet,7906424417468
Tablet,7906424417475
Tablet,7906424420536
Tablet,7906424420901
Tablet,7906424421519
Tablet,7906424424961
Tablet,7906424426545
Tablet,7906424426712
Tablet,7906424426842
Tablet,7906424427177
Tablet,7906424427238
Tablet,7906424440039
Tablet,7906424440121
Tablet,7906424440169
Tablet,7906424440206
Tablet,7906424440220
Tablet,7906424440237
Tablet,7906750313908
Tablet,7908414419988
Tablet,7908426308652
Tablet,7908426312413
Tablet,7908685679609
Tablet,7908685679692
Tablet,7908685680100